{
  "version": 1,
  "author": "Kajal",
  "editor": "wokwi",
  "parts": [
    { "type": "wokwi-arduino-uno", "id": "uno", "top": 0, "left": 0, "attrs": {} },
    {
      "type": "wokwi-led",
      "id": "led1",
      "top": -99.6,
      "left": 138.2,
      "attrs": { "color": "red" }
    },
    {
      "type": "wokwi-led",
      "id": "led2",
      "top": -70.8,
      "left": 205.4,
      "attrs": { "color": "yellow" }
    },
    {
      "type": "wokwi-led",
      "id": "led3",
      "top": -42,
      "left": 282.2,
      "attrs": { "color": "green" }
    }
  ],
  "connections": [
    [ "led1:C", "uno:GND.1", "green", [ "v67.2", "h-38" ] ],
    [ "led1:A", "uno:11", "green", [ "v67.2", "h-19.2" ] ],
    [ "led2:C", "uno:GND.1", "green", [ "v38.4", "h-105.2" ] ],
    [ "led2:A", "uno:12", "green", [ "v38.4", "h-96" ] ],
    [ "led3:C", "uno:GND.1", "green", [ "v9.6", "h-182" ] ],
    [ "led3:A", "uno:13", "green", [ "v9.6", "h-182.4" ] ]
  ],
  "dependencies": {}
}